IoU,Precision,Recall,AP
0.38645319421628577,0.22328333325318425,0.09933478599773243,0.039714373608513494
