IoU,Precision,Recall,AP
0.6479572033756132,0.9393044878030395,0.4641008095946712,0.8147286958152947
