IoU,Precision,Recall,AP
0.524009604320825,0.9234947481182011,0.43477846867913833,0.6413693048570802
